EmployerName,institution
University of Surrey,pre-92
University of York,pre-92
Aston University,pre-92
Royal College of Music,pre-92
University Of Cambridge,pre-92
University of Southampton,pre-92
The University of Brighton,post-92
University Of Liverpool,pre-92
Birmingham City University,post-92
Royal Veterinary College,post-92
University of Sunderland,post-92
Queen Mary University of London,pre-92
Anglia Ruskin University,post-92
King's College London,pre-92
Edge Hill University,post-92
University Of Bristol,pre-92
University of Exeter,pre-92
University of Nottingham,pre-92
University of Plymouth,post-92
Havering College,pre-92
Newcastle University,pre-92
"St George's, University of London",post-92
UCL,pre-92
University of Central Lancashire,post-92
University Of East Anglia,pre-92
University of Birmingham,pre-92
University of Hull,pre-92
UNIVERSITY OF LEEDS,pre-92
University of Leicester,pre-92
The University Of Manchester,pre-92
University of Oxford,pre-92
University Of Keele,pre-92
Lancaster University,pre-92
THE UNIVERSITY OF BUCKINGHAM,pre-92
UNIVERSITY OF SHEFFIELD,pre-92
University of Warwick,pre-92
"City, University Of London",pre-92
Canterbury Christ Church University,post-92
Cranfield University,pre-92
Leeds Beckett University,post-92
Sheffield Hallam University,pre-92
Brunel University London,pre-92
ROYAL HOLLOWAY COLLEGE AND BEDFORD NEW COLLEGE,post-92
University of the West of England,post-92
Harper Adams University,post-92
Middlesex University,post-92
University of Sussex,pre-92
York St John University,post-92
The University of Lincoln,post-92
Bournemouth University,post-92
The University of Salford,pre-92
Liverpool Hope University,post-92
Manchester Metropolitan University,post-92
University of Worcester,post-92
University of Wolverhampton,post-92
University Of Gloucestershire,pre-92
London South Bank University,post-92
Kingston University Higher Education Corporation,post-92
Loughborough University,pre-92
London School Of Economics & Political Science,pre-92
GOLDSMITHS' COLLEGE,post-92
London Business School,pre-92
LONDON SCHOOL OF HYGIENE AND TROPICAL MEDICINE,pre-92
Solent University,post-92
Liverpool John Moores University,pre-92
University of Huddersfield,post-92
Bath Spa University,post-92
UNIVERSITY OF ESSEX,pre-92
University of Northumbria at Newcastle,post-92
Durham University,pre-92
School Of Oriental And African Studies,post-92
University of West London,post-92
University of Portsmouth,post-92
"University of the Arts, London",post-92
The University of Reading,pre-92
University of Hertfordshire,post-92
University Of Bath,pre-92
Oxford Brookes University,post-92
Nottingham Trent University,post-92
"Birkbeck College, University of London",post-92
University Of Kent,pre-92
De Montfort University,pre-92
Coventry University,post-92
University of Chester,post-92
Staffordshire University,post-92
University of Bedfordshire,post-92
University Of Derby,post-92
The University of Northampton,post-92
Roehampton University,post-92
Teesside University,post-92
UNIVERSITY OF WINCHESTER,post-92
The University Of Westminster,post-92
University of Greenwich,post-92
London Metropolitan University,post-92
University of Bolton,post-92
ROYAL COLLEGE OF ART(THE),pre-92